<?xml version="1.0" encoding="UTF-8"?>
<!DOCTYPE suite SYSTEM "http://testng.org/testng-1.0.dtd">
<suite name="Regression" preserve-order="true" >
<parameter name="siteurl" value="https://staging.jadeonegroup.com/portal/agent_login" />
<parameter name="site" value="staging"/>

  <test name="Agent Portal">
    <classes>
    
       <!-- Currency Management -->
       <class name="currencyManagement.CreateCurrencyManagementTest"/> 
       <class name="currencyManagement.EditCurrencyManagementTest"/> 
    
       <!-- Event Management -->
       <class name="eventManagement.CreateEventManagementTest"/>
       <class name="eventManagement.EditEventManagementTest"/>
       <class name="eventManagement.EditSessionManagementTest"/> 
       <class name="eventManagement.CreateSessionManagementTest"/>
       
       <!-- Program Management -->
       <class name="programManagement.CreateProgramManagementTest"/> 
       <class name="programManagement.EditProgramManagementTest"/> 
       <class name="programManagement.CreateProgramFeesMgntTest"/>
       <class name="programManagement.EditProgramFeesMgntTest"/> 
       <class name="programManagement.CreateProgramLimitMgntTest"/>
       <class name="programManagement.CreateMemoryManagementTest"/>

       <!-- Area Management -->
       <class name="areaManagement.CreateAreaManagementTest"/>
       <class name="areaManagement.EditAreaManagementTest"/>
       
       <!-- Outlet Management -->
       <class name="outletManagement.CreateOutletManagementTest"/>
       <class name="outletManagement.EditOutletManagementTest"/>
       
       <!-- Gate Management -->
       <class name="gateManagement.CreateGateManagementTest"/>
       <class name="gateManagement.EditGateManagementTest"/>
       
       <!-- Access Flag Management -->
       <class name="accessFlagManagement.CreateAccessFlagManagementTest"/>
       <class name="accessFlagManagement.EditAccessFlagManagementTest"/>
              
       <!-- Lot Management -->
       <class name="lotManagement.CreateLotManagementTest"/>
       <class name="lotManagement.EditLotManagementTest"/>
       <class name="lotManagement.UploadCardsTest"/>

       <!-- Category Management -->
       <class name="categoryManagement.CreateCategoryManagementTest"/>
                
       <!-- Menu Management -->
       <class name="menuManagement.CreateMenuManagementTest"/>
       <class name="menuManagement.EditItemsTest"/>
                     
       <!-- Device Profile Management -->
       <class name="deviceProfileManagement.CreateDeviceProfileManagementTest"/>
       <class name="deviceProfileManagement.AutoGenerateProfileTest"/>		                     
       
       <!-- Fleet Management -->
       <class name="fleetManagement.CreateFleetManagementTest"/>

       <!-- Terminal Management -->
       <class name="terminalManagement.CreateTerminalManagementTest"/>    	
       
	   <!-- Card Management -->
       <class name="cardManagement.SearchCardsTest"/>    	
       
       <!-- Scan Card Page -->
       <class name="scanCard.QuickRegisterTest"/>  
       
    </classes>
  </test> 
</suite> 
